<?xml version="1.0" encoding="UTF-8"?>
<databaseChangeLog
        xmlns="http://www.liquibase.org/xml/ns/dbchangelog"
        xmlns:xsi="http://www.w3.org/2001/XMLSchema-instance"
        xmlns:ext="http://www.liquibase.org/xml/ns/dbchangelog-ext"
        xmlns:pro="http://www.liquibase.org/xml/ns/pro"
        xsi:schemaLocation="http://www.liquibase.org/xml/ns/dbchangelog
        http://www.liquibase.org/xml/ns/dbchangelog/dbchangelog-latest.xsd
        http://www.liquibase.org/xml/ns/dbchangelog-ext http://www.liquibase.org/xml/ns/dbchangelog/dbchangelog-ext.xsd
        http://www.liquibase.org/xml/ns/pro http://www.liquibase.org/xml/ns/pro/liquibase-pro-latest.xsd">

    <changeSet id="createUsersTable" author="yourname">
        <createTable tableName="users">
            <column name="id" type="BIGINT" autoIncrement="true">
                <constraints primaryKey="true" nullable="false"/>
            </column>
            <column name="email" type="VARCHAR(255)">
                <constraints unique="true"/>
            </column>
            <column name="username" type="VARCHAR(255)">
                <constraints unique="true"/>
            </column>
            <column name="password" type="VARCHAR(255)"/>
            <column name="role" type="SMALLINT"/>
        </createTable>
    </changeSet>

    <changeSet id="createTripTable" author="yourname">
        <createTable tableName="trip">
            <column name="id" type="BIGINT" autoIncrement="true">
                <constraints primaryKey="true" nullable="false"/>
            </column>
            <column name="user_id" type="BIGINT">
                <constraints nullable="false"/>
            </column>
            <column name="name" type="VARCHAR(255)">
                <constraints nullable="false"/>
            </column>
            <column name="description" type="VARCHAR(1024)"/>
            <column name="rating" type="float" defaultValue="0" defaultOnNull="true">
                <constraints nullable="false" />
            </column>
        </createTable>
    </changeSet>

    <changeSet id="createIntervalTable" author="yourname">
        <createTable tableName="interval">
            <column name="id" type="BIGINT" autoIncrement="true">
                <constraints primaryKey="true" nullable="false"/>
            </column>
            <column name="trip_id" type="BIGINT">
                <constraints nullable="false"/>
            </column>
            <column name="start_date" type="DATE">
                <constraints nullable="false"/>
            </column>
            <column name="end_date" type="DATE">
                <constraints nullable="false"/>
            </column>
        </createTable>
    </changeSet>

    <changeSet id="createTimeslotTable" author="yourname">
        <createTable tableName="timeslot">
            <column name="id" type="BIGINT" autoIncrement="true">
                <constraints primaryKey="true" nullable="false"/>
            </column>
            <column name="interval_id" type="BIGINT">
                <constraints nullable="false"/>
            </column>
            <column name="start_time" type="TIME" />
            <column name="end_time" type="TIME" />
        </createTable>
    </changeSet>

    <changeSet id="createTripAccessTable" author="yourname">
        <createTable tableName="tripaccess">
            <column name="id" type="BIGINT" autoIncrement="true">
                <constraints primaryKey="true" nullable="false"/>
            </column>
            <column name="user_id" type="BIGINT">
                <constraints nullable="false"/>
            </column>
            <column name="trip_id" type="BIGINT">
                <constraints nullable="false"/>
            </column>
        </createTable>
    </changeSet>

    <changeSet id="makeTripAccessUnique" author="yourname">
        <addUniqueConstraint tableName="tripaccess" columnNames="trip_id, user_id">
        </addUniqueConstraint>
    </changeSet>

    <changeSet id="addLatAndLngToTimeslot" author="me">
        <addColumn tableName="timeslot">
            <column name="lat" type="double" />
            <column name="lng" type="double" />
        </addColumn>
    </changeSet>

    <changeSet id="addNameNotesToTimeslot" author="me">
        <addColumn tableName="timeslot">
            <column name="name" type="VARCHAR(255)" />
            <column name="notes" type="VARCHAR(1024)" />
        </addColumn>
    </changeSet>

    <changeSet id="addPublishedColumnToTrip" author="me">
        <addColumn tableName="trip">
            <column name="published" type="boolean" defaultValue="false" >
                <constraints nullable="false" />
            </column>
        </addColumn>
    </changeSet>

    <changeSet id="addPublishingDate" author="me">
        <addColumn tableName="trip">
            <column name="published_date" type="date" />
        </addColumn>
    </changeSet>

    <changeSet id="addRating" author="me">
        <createTable tableName="rating">
            <column name="id" type="BIGINT" autoIncrement="true">
                <constraints primaryKey="true" nullable="false"/>
            </column>
            <column name="user_id" type="BIGINT">
                <constraints nullable="false"/>
            </column>
            <column name="trip_id" type="BIGINT">
                <constraints nullable="false"/>
            </column>
            <column name="grade" type="int">
                <constraints nullable="false"/>
            </column>
            <column name="comment" type="VARCHAR(1024)">
                <constraints nullable="false"/>
            </column>
            <column name="rating_date" type="DATE">
                <constraints nullable="false"/>
            </column>
        </createTable>
    </changeSet>

    <changeSet id="1" author="yourname">
        <sql>
            INSERT INTO users (email, username, password, role) VALUES
                ('admin@gmail.com', 'admin', '$2a$10$VuRaPbWjH518CLXtvVSn7eUk.Vc4njFmhSBTj9BNaNWIZTd6yoaxe', 0);
        </sql>
    </changeSet>

    <changeSet id="2" author="me">
        <addColumn tableName="interval">
            <column name="name" type="varchar(255)" />
            <column name="budget" type="float" />
        </addColumn>
    </changeSet>

    <changeSet id="3" author="me">
        <addColumn tableName="trip">
            <column name="country" type="varchar(10)" />
        </addColumn>
    </changeSet>

    <changeSet id="4" author="me">
        <addColumn tableName="interval">
            <column name="pos" type="int" />
        </addColumn>
        <addColumn tableName="timeslot">
            <column name="pos" type="int" />
        </addColumn>
    </changeSet>

    <changeSet id="5" author="yourname">
        <sql>
            INSERT INTO users (email, username, password, role) VALUES
                ('guest@gmail.com', 'guest', '$2a$10$zKS15J32A/uOSeo9d0CF2.mX2XZ.8402OG.ainErrUWpllBpLjRsq', 2);
        </sql>
    </changeSet>

</databaseChangeLog>